event_id,date,sport,game,market,side,line,sportsbook_odds,model_probability,market_probability,edge,expected_value,confidence,model_quality,explanation,flags,recommended_units,decision,reason_summary
nba1,2026-01-15,NBA,Miami Heat @ Boston Celtics,spread,Boston Celtics,-4.5,-110,0.683,0.5238,0.1592,0.3039,0.899,0.72,"['net rating vs line', 'turnover and rebound profile', 'recent-form blend']",,2.0,bet,net rating vs line; turnover and rebound profile; recent-form blend
nhl1,2026-01-15,NHL,Vancouver Canucks @ Edmonton Oilers,spread,Edmonton Oilers,-1.5,150,0.5349,0.4,0.1349,0.3372,0.866,0.66,"['shot share trend', 'transition defense', 'goaltending volatility']",,2.0,bet,shot share trend; transition defense; goaltending volatility
nba1,2026-01-15,NBA,Miami Heat @ Boston Celtics,moneyline,Boston Celtics,,-150,0.6368,0.6,0.0368,0.0613,0.629,0.72,"['net rating edge', 'rest adjustment', 'injury-adjusted strength']",,1.23,bet,net rating edge; rest adjustment; injury-adjusted strength
nfl1,2026-01-15,NFL,Buffalo Bills @ Kansas City Chiefs,spread,Kansas City Chiefs,-2.5,-108,0.556,0.5192,0.0368,0.0708,0.606,0.68,"['success rate matchup', 'pressure rate vs OL', 'turnover expectancy']",,0.97,bet,success rate matchup; pressure rate vs OL; turnover expectancy
nba1,2026-01-15,NBA,Miami Heat @ Boston Celtics,totals,Under,228.5,-108,0.4895,0.5192,-0.0297,-0.0573,0.585,0.72,"['pace and efficiency projection', 'recent shooting regression', 'injury-driven rotation depth']",edge_below_threshold,0.0,pass,pace and efficiency projection; recent shooting regression; injury-driven rotation depth
nfl1,2026-01-15,NFL,Buffalo Bills @ Kansas City Chiefs,moneyline,Kansas City Chiefs,,-125,0.547,0.5556,-0.0086,-0.0154,0.429,0.68,"['EPA/play differential', 'QB impact adjustment', 'defensive matchup']",edge_below_threshold,0.0,pass,EPA/play differential; QB impact adjustment; defensive matchup
nfl1,2026-01-15,NFL,Buffalo Bills @ Kansas City Chiefs,totals,Over,49.5,-110,0.5158,0.5238,-0.008,-0.0153,0.426,0.68,"['pace + pass rate', 'weather adjustment', 'red-zone efficiency signal']",edge_below_threshold,0.0,pass,pace + pass rate; weather adjustment; red-zone efficiency signal
nhl1,2026-01-15,NHL,Vancouver Canucks @ Edmonton Oilers,totals,Over,6.5,-105,0.5052,0.5122,-0.0069,-0.0136,0.409,0.66,"['expected goals pace', 'goalie confirmation', 'finishing regression']",edge_below_threshold,0.0,pass,expected goals pace; goalie confirmation; finishing regression
nhl1,2026-01-15,NHL,Vancouver Canucks @ Edmonton Oilers,moneyline,Edmonton Oilers,,-132,0.5299,0.569,-0.0391,-0.0687,0.61,0.66,"['xG differential', 'goalie strength', 'special teams edge']",edge_below_threshold,0.0,pass,xG differential; goalie strength; special teams edge
